pretty,unit,meat,grew,sun,fairly,railroad,lunch,sand,influence
structure,welcome,fort,dead,pocket,magnet,storm,bee,warm,broken
club,stand,flow,recent,raise,source,dog,adventure,wife,there
part,low,chicken,hard,present,service,replied,seeing,drink,weather
rhyme,be,visit,dried,grow,hope,failed,public,furniture,hour
women,tired,reader,save,pool,receive,east,courage,out,ship
even,becoming,balloon,highway,hurry,bear,empty,boat,twenty,enjoy
jack,pan,independent,saved,fine,practice,refused,voyage,person,pressure
do,expect,control,organization,species,planned,development,aside,recognize,alphabet
equal,rising,printed,blood,take,speak,team,attempt,mainly,save
learn,final,engine,seeing,around,deer,twenty,dark,ocean,spite